{"r2": 0.531952538155229, "mae": 34.9901052631579, "feature_importance": {"_type": "image-file", "path": "media/images/feature_importance_0_ebe31609.png", "sha256": "ebe31609154e05ddb125d5effdd430eefb709ba2d888d44f21202f630cf5e722", "size": 33308, "format": "png", "width": 1000, "height": 1000}, "_runtime": 10, "_timestamp": 1725998573, "_step": 0}