{"r2": 0.5317288366353418, "mae": 35.17778289473684, "feature_importance": {"_type": "image-file", "path": "media/images/feature_importance_0_de210ce0.png", "sha256": "de210ce01f24491166f3b3b6559026c3b847c058972e0a90b8c021b2f7ca20c0", "size": 33299, "format": "png", "width": 1000, "height": 1000}, "_runtime": 19, "_timestamp": 1726007895, "_step": 0}