{"r2": 0.5304623544875363, "mae": 35.13127960526316, "feature_importance": {"_type": "image-file", "path": "media/images/feature_importance_0_66dea2ec.png", "sha256": "66dea2ec712936d3fed56cac147bf7c0dccc2d7fa38cf3bd2fef6c09db7d24e3", "size": 33303, "format": "png", "width": 1000, "height": 1000}, "_runtime": 12, "_timestamp": 1725998464, "_step": 0}