{"r2": 0.5339249396031818, "mae": 34.943161184210524, "feature_importance": {"_type": "image-file", "path": "media/images/feature_importance_0_95f9845e.png", "sha256": "95f9845e98013f80476712c45e3fbb0276bfeaa8697afb54d4ff88bd816f3d4d", "size": 33290, "format": "png", "width": 1000, "height": 1000}, "_runtime": 16, "_timestamp": 1726007829, "_step": 0}