{"r2": 0.5289329249882571, "mae": 35.17636513157895, "feature_importance": {"_type": "image-file", "path": "media/images/feature_importance_0_f5ebaca7.png", "sha256": "f5ebaca7c15f5fceebc6e7e8b763dc8c9b9e59f0b85f9feefe7c14ab82104d3b", "size": 33299, "format": "png", "width": 1000, "height": 1000}, "_runtime": 16, "_timestamp": 1726008014, "_step": 0}