{"r2": 0.5324623956551631, "mae": 35.091009868421054, "feature_importance": {"_type": "image-file", "path": "media/images/feature_importance_0_c69a8f93.png", "sha256": "c69a8f93769c9880eb1340515c33c9205f0fbd0c71ab5f17857bcf9cc4eeedb6", "size": 33302, "format": "png", "width": 1000, "height": 1000}, "_runtime": 13, "_timestamp": 1725998520, "_step": 0}