{"r2": 0.5326102790218141, "mae": 35.020881578947375, "feature_importance": {"_type": "image-file", "path": "media/images/feature_importance_0_5ba8a2fd.png", "sha256": "5ba8a2fd6bcabbb24f1d23262853d63fa490ea3bda96be78fe9aad4ad4dbb7cf", "size": 33300, "format": "png", "width": 1000, "height": 1000}, "_runtime": 16, "_timestamp": 1726007955, "_step": 0}