{"r2": 0.5339685642417215, "mae": 34.95122039473684, "feature_importance": {"_type": "image-file", "path": "media/images/feature_importance_0_9167a90b.png", "sha256": "9167a90bf42529e0cab5263947357f0d00180809f4f3248c858b02d365d598b1", "size": 33303, "format": "png", "width": 1000, "height": 1000}, "_runtime": 11, "_timestamp": 1725998411, "_step": 0}